method,scenario_id,attacker_class_id,trial_id,S_success,T_cont,SAL_cum,SAP_cum,DC_cum,ASSC_cum,NC_cum,AIC_cum,AC_cum,N_prom,N_demo,churn_mean,entropy_mean,delta_q_mean,T_LLM_mean,T_LLM_p90,T_LLM_max,Coverage,Coverage_ge_0_5,Top1_success,Top3_success,Top5_success
Evo,S1,A1,1,0,1.0,3.070423846900132,-0.15591067318549157,9.447311011839446,2.9200000000000004,6.527311011839445,0.0,31.650000000000002,0,0,0.0,1.0986122886681096,0.0,2.02035129070282,2.0211843252182007,2.021392583847046,0.0,0,0,1,1
Evo,S1,A2,1,0,inf,4.398341475969733,-1.4615885865664953,9.607311011839446,3.0800000000000005,6.527311011839445,0.0,31.7,0,0,0.0,1.0986122886681096,0.0,2.0266889333724976,2.0277575254440308,2.028024673461914,0.0,0,0,0,0
Evo,S1,A3,1,0,inf,4.584421577237876,-2.0108416291019626,10.076244556636677,3.4400000000000004,6.636244556636677,0.0,29.9,0,0,0.0,1.0986122886681096,0.0,2.0373237133026123,2.044489622116089,2.046281099319458,0.0,0,0,0,0
Evo,S1,A4,1,0,inf,2.901723266888684,-0.09372578519954132,9.527311011839444,3.0000000000000004,6.527311011839445,0.0,22.599999999999998,0,0,0.0,1.0986122886681096,0.0,2.0268378257751465,2.038337230682373,2.0412120819091797,0.0,0,0,0,0
