method,SR,SR_wc,SAL_cum_mean,SAL_cum_median,SAL_wc_cum,TTC_mean,NCR,PR,Coverage_mean,Cov_ge_0_5,DC_cum_mean,ASSC_cum_mean,NC_cum_mean,AIC_cum_mean,AC_cum_mean,N_prom_mean,N_demo_mean,churn_mean,T_LLM_mean,T_LLM_p90,T_LLM_max
Evo,0.0,0.0,3.7387275417491064,3.7343826614349327,4.584421577237876,1.0,0.75,0.0,0.0,0.0,9.664544398038753,3.1100000000000003,6.554544398038753,0.0,28.9625,0.0,0.0,0.0,2.027800440788269,2.0329421758651733,2.0342276096343994
