method,scenario_id,attacker_class_id,trial_id,S_success,T_cont,SAL_cum,SAP_cum,DC_cum,ASSC_cum,NC_cum,AIC_cum,AC_cum,N_prom,N_demo,churn_mean,entropy_mean,delta_q_mean,T_LLM_mean,T_LLM_p90,T_LLM_max,Coverage,Coverage_ge_0_5,Top1_success,Top3_success,Top5_success
LLM-Full,S1,A1,1,0,inf,4.920120511860073,-2.0391877367128437,8.978377467042213,2.5600000000000005,6.418377467042213,0.0,29.9,0,0,0.0,1.0986122886681096,0.0,2.020176649093628,2.021245527267456,2.021512746810913,0.0,0,0,0,0
LLM-Full,S1,A2,1,0,1.0,1.687459702289375,0.04141420388924888,8.898377467042213,2.4800000000000004,6.418377467042213,0.0,29.9,0,0,0.0,1.0986122886681096,0.0,2.026916980743408,2.0280165672302246,2.0282914638519287,0.0,0,0,1,1
LLM-Full,S1,A3,1,0,1.0,2.1529176403967645,0.5832490224962324,8.978377467042215,2.5600000000000005,6.418377467042213,0.0,31.7,0,0,0.0,1.0986122886681096,0.0,2.0316898822784424,2.032627534866333,2.0328619480133057,0.0,0,0,1,1
LLM-Full,S1,A4,1,0,inf,3.7983993851023286,-1.2785088749469842,9.916244556636677,3.2800000000000002,6.636244556636677,0.0,22.599999999999998,0,0,0.0,1.0986122886681096,0.0,2.0305436849594116,2.041507029533386,2.04424786567688,0.0,0,0,0,0
