method,defense_executed,defense_confirmed,defense_effects_confirmed,defense_success,method_label
baseline_game,0.6842105263157895,0.6842105263157895,0.3157894736842105,0.0,Baseline game
llm_defender,0.3076923076923077,0.3076923076923077,0.5384615384615384,0.6153846153846154,LLM defender
