alignment,stage_count,defense_success_rate,stage_share
followed,12,0.8333333333333334,0.5454545454545454
overrode,10,0.7,0.45454545454545453
