bin_left,bin_right,count
0.7488260269165039,4.410890865325928,5813
4.410890865325928,8.072955703735351,168
8.072955703735351,11.735020542144774,16
11.735020542144774,15.397085380554199,2
15.397085380554199,19.059150218963623,0
19.059150218963623,22.721215057373044,0
22.721215057373044,26.38327989578247,0
26.38327989578247,30.045344734191893,0
30.045344734191893,33.707409572601314,0
33.707409572601314,37.36947441101074,1
