method,SR,SR_wc,SAL_cum_mean,SAL_cum_median,SAL_wc_cum,TTC_mean,NCR,PR,Coverage_mean,Cov_ge_0_5,DC_cum_mean,ASSC_cum_mean,NC_cum_mean,AIC_cum_mean,AC_cum_mean,N_prom_mean,N_demo_mean,churn_mean,T_LLM_mean,T_LLM_p90,T_LLM_max
LLM-Full,0.0,0.0,63.346530261000424,62.576516082740646,71.80366641864187,3.0,0.0,0.0,0.0,0.0,471.8757494289209,145.90933333333334,325.7664160955876,0.2,1241.8799999999999,16.466666666666665,16.25,0.0826178451178451,1.5994019708633425,3.14873172958692,7.67182343006134
