method,scenario_id,SR,SAL_cum_mean,SAP_cum_mean,TTC_mean,NCR,Coverage_mean,DC_cum_mean,AC_cum_mean
LLM-Full,S1,0.0,62.66190761790434,-9.957711302554227,3.25,0.0,0.0,472.3952228997058,1241.2649999999999
LLM-Full,S2,0.0,64.18682450917784,-11.363088852009202,3.5,0.0,0.0,471.59484267766857,1241.6474999999998
LLM-Full,S3,0.0,63.190858655919115,-10.989717536183544,2.25,0.0,0.0,471.63718270938824,1242.7275000000002
